country_code,country_name,cumulative_cases,cumulative_deaths,country_code2,area,gdp,iq,temperature,male_life,female_life,birth_rate,death_rate,quality_of_life_stability,quality_of_life_right,quality_of_life_health,quality_of_life_security,quality_of_life_climate,quality_of_life_costs,quality_of_life_popularity,quality_of_life_total,growth_per_year,growth_20102019,population,citizenship,moral_machine_law,moral_machine_lives
AF,Afghanistan,39422,1466,AFG,647500.0,20650000000.0,80.0,24.3,63.0,66.0,32.5,6.4,24.0,4.0,8.0,31.0,62.0,60.0,55.0,33.0,2.97,30.34,38928346.0,0.154,0.207298203,0.400206306
AL,Albania,14410,400,ALB,28748.0,12800000000.0,84.0,22.7,76.8,80.2,11.8,7.9,62.0,40.0,58.0,96.0,52.0,64.0,23.0,59.0,-0.25,-2.02,2877797.0,0.387,0.414056171,0.6079350139999999
DZ,Algeria,52270,1768,DZA,2381740.0,215700000000.0,82.0,24.9,75.5,77.9,24.3,4.7,40.0,15.0,54.0,71.0,78.0,41.0,26.0,48.0,2.0,19.67,43851044.0,0.274,0.5914951999999999,0.447491311
AS,American Samoa,0,0,ASM,199.0,462200000.0,,,,,,,,,,,,,,,-0.24,-1.37,55191.0,,,
AD,Andorra,2370,53,AND,468.0,4800000000.0,,,,,,,,,,,,,,,-0.9,-8.65,77265.0,0.516,0.717529325,0.617338178
AO,Angola,5530,192,AGO,1246700.0,124000000000.0,,,58.1,63.7,40.7,8.2,33.0,8.0,2.0,73.0,57.0,11.0,25.0,30.0,3.52,36.26,32866272.0,0.242,0.489739868,0.383450733
AI,Anguilla,3,0,AIA,102.0,175400000.0,,,,,,,,,,,,,,,,,16187.0,,,
AG,Antigua and Barbuda,107,3,ATG,443.0,1220000000.0,,,,,,,,,,,,,,,,,97929.0,,,
AR,Argentina,798486,21018,ARG,2766890.0,484600000000.0,90.0,23.9,73.1,79.9,17.0,7.6,40.0,47.0,80.0,89.0,77.0,57.0,38.0,63.0,1.05,10.18,45195774.0,0.545,0.410027965,0.545518517
AM,Armenia,53083,990,ARM,29800.0,10440000000.0,,,71.2,78.4,14.0,9.9,43.0,44.0,66.0,97.0,53.0,58.0,9.0,57.0,,,2963243.0,0.317,0.472947823,0.466248455
AW,Aruba,4079,30,ABW,193.0,2516000000.0,,,,,,,,,,,,,,,,,106766.0,,,
AU,Australia,27149,894,AUS,7686850.0,1488000000000.0,99.0,24.5,80.7,84.9,12.6,6.3,90.0,100.0,87.0,97.0,90.0,24.0,67.0,80.0,1.58,15.13,25499884.0,0.552,0.347538058,0.661963573
AT,Austria,49886,818,AUT,83858.0,417900000000.0,100.0,12.8,79.4,84.1,9.7,9.5,83.0,100.0,99.0,99.0,25.0,35.0,95.0,76.0,0.62,6.14,9006398.0,0.797,0.533975921,0.606081945
AZ,Azerbaijan,40788,598,AZE,86600.0,76010000000.0,,,70.3,75.3,14.0,5.8,51.0,16.0,67.0,96.0,57.0,69.0,10.0,56.0,,,10139177.0,0.301,0.004836046,0.347534536
BS,Bahamas,4452,96,BHS,13940.0,8373000000.0,,,,,,,75.0,69.0,51.0,55.0,71.0,29.0,8.0,54.0,,,393244.0,0.455,0.105287485,0.700803229
BH,Bahrain,73116,261,BHR,665.0,28360000000.0,,,76.3,78.3,14.0,2.4,52.0,40.0,50.0,95.0,62.0,63.0,82.0,62.0,3.32,32.26,1701575.0,0.361,,
BD,Bangladesh,370132,5375,BGD,144000.0,140200000000.0,77.0,30.8,70.6,74.3,18.2,5.5,36.0,16.0,30.0,63.0,45.0,61.0,18.0,40.0,1.12,10.48,164689383.0,0.236,0.442902074,0.5437688589999999
BB,Barbados,199,7,BRB,431.0,4262000000.0,,,,,,,67.0,78.0,81.0,79.0,76.0,24.0,28.0,64.0,,,287375.0,0.463,,
BY,Belarus,80696,862,BLR,207600.0,69240000000.0,93.0,11.7,69.2,79.4,9.9,12.7,62.0,23.0,80.0,96.0,21.0,63.0,49.0,57.0,-0.04,-0.25,9449323.0,0.348,0.426074399,0.401519188
BE,Belgium,132109,10078,BEL,30510.0,507400000000.0,100.0,14.6,79.4,83.9,10.3,10.7,71.0,98.0,95.0,92.0,20.0,26.0,66.0,68.0,0.62,5.4,11589623.0,0.7979999999999999,0.556117592,0.591525961
BZ,Belize,2196,30,BLZ,22966.0,1637000000.0,,,,,,,60.0,31.0,41.0,55.0,44.0,50.0,20.0,44.0,,,397628.0,0.341,,
BJ,Benin,2357,41,BEN,112620.0,8359000000.0,,,59.9,63.0,36.2,8.9,65.0,37.0,0.0,99.0,52.0,34.0,25.0,46.0,,,12123200.0,0.318,,
BM,Bermuda,181,9,BMU,53.0,5600000000.0,88.0,24.5,77.9,85.6,8.2,7.5,92.0,84.0,84.0,82.0,67.0,33.0,35.0,70.0,-0.26,-1.85,62278.0,,,
BT,Bhutan,299,0,BTN,47000.0,2133000000.0,,,71.1,71.8,17.3,6.2,,,,,,,,,,,771608.0,0.275,,
BO,Bolivia (Plurinational State of),136868,8101,BOL,1098580.0,30790000000.0,85.0,25.3,68.4,74.2,21.8,6.8,59.0,20.0,35.0,87.0,86.0,56.0,29.0,54.0,1.54,14.57,11673021.0,0.358,0.284198324,0.57612488
BA,Bosnia and Herzegovina,28446,881,BIH,51129.0,18870000000.0,82.0,18.6,74.8,79.7,8.1,10.7,45.0,34.0,63.0,98.0,55.0,76.0,23.0,59.0,-1.23,-10.92,3280819.0,0.388,0.490259936,0.660191282
BW,Botswana,3172,16,BWA,600370.0,15530000000.0,,,66.2,72.0,24.8,5.7,72.0,69.0,25.0,77.0,87.0,59.0,44.0,62.0,,,2351627.0,0.33,,
BR,Brazil,4915289,146352,BRA,8511965.0,2190000000000.0,83.0,30.6,72.0,79.4,13.9,6.5,41.0,38.0,54.0,54.0,61.0,43.0,56.0,49.0,0.85,7.84,212559417.0,0.5429999999999999,0.514263266,0.434641291
VG,British Virgin Islands,71,1,VGB,153.0,1095000000.0,,,,,,,,,,,,,,,,,30290.0,,,
BN,Brunei Darussalam,146,3,BRN,5770.0,16560000000.0,,,,,,,91.0,62.0,55.0,100.0,39.0,73.0,38.0,67.0,,,437479.0,0.4920000000000001,1.0,0.107826303
BG,Bulgaria,21870,854,BGR,110910.0,53700000000.0,91.0,18.0,71.5,78.6,8.9,15.4,72.0,52.0,82.0,98.0,49.0,70.0,47.0,69.0,-0.65,-5.68,6948445.0,0.75,0.410181769,0.58448136
BF,Burkina Faso,2167,59,BFA,274200.0,12130000000.0,,,60.4,61.9,37.9,8.1,35.0,37.0,0.0,81.0,46.0,35.0,25.0,38.0,,,20903273.0,0.298,,
BI,Burundi,514,1,BDI,27830.0,2676000000.0,,,59.4,63.0,39.0,7.9,36.0,1.0,0.0,61.0,72.0,42.0,30.0,34.0,3.22,32.91,11890784.0,0.2,,
CV,Cabo Verde,6433,68,CPV,4033.0,1955000000.0,,,69.3,76.0,19.5,5.6,74.0,66.0,37.0,86.0,76.0,42.0,27.0,60.0,,,555987.0,0.342,,
KH,Cambodia,280,0,KHM,181040.0,15640000000.0,88.0,33.5,67.3,71.6,22.5,6.0,67.0,7.0,20.0,97.0,44.0,58.0,43.0,48.0,1.58,15.19,16718965.0,0.246,0.506973661,0.480170983
CM,Cameroon,20924,420,CMR,475440.0,27880000000.0,65.0,30.9,57.7,60.2,35.4,9.3,33.0,8.0,3.0,45.0,55.0,22.0,29.0,27.0,2.72,27.21,26545863.0,0.224,,
CA,Canada,166156,9481,CAN,9984670.0,1825000000000.0,101.0,7.3,79.9,84.1,10.1,7.7,86.0,100.0,75.0,95.0,31.0,37.0,87.0,73.0,1.12,10.54,37742154.0,0.5529999999999999,0.368479886,0.691473555
KY,Cayman Islands,213,1,CYM,262.0,2250000000.0,,,,,,,96.0,74.0,73.0,82.0,79.0,25.0,51.0,69.0,1.62,14.6,65722.0,,,
CF,Central African Republic,4850,62,CAF,622984.0,2050000000.0,,,50.6,55.0,35.3,12.3,,,,,,,,,,,4829767.0,0.17600000000000002,,
TD,Chad,1223,86,TCD,1284000.0,13590000000.0,65.0,36.2,52.6,55.4,42.2,12.1,39.0,0.0,0.0,53.0,48.0,0.0,23.0,23.0,3.27,33.42,16425864.0,0.207,,
CL,Chile,471746,13037,CHL,756950.0,281700000000.0,89.0,17.7,77.6,82.4,12.4,6.2,72.0,90.0,58.0,90.0,45.0,45.0,37.0,65.0,1.16,11.07,19116201.0,0.552,0.561785127,0.501693057
CN,China,91170,4746,CHN,9596960.0,9330000000000.0,104.0,19.4,74.5,79.1,10.9,7.1,58.0,29.0,64.0,68.0,54.0,48.0,76.0,55.0,0.49,4.49,1439323776.0,0.443,0.649233496,0.21299296
CO,Colombia,855052,26712,COL,1138910.0,369200000000.0,82.0,28.7,74.3,79.9,14.9,5.6,38.0,43.0,54.0,0.0,60.0,51.0,30.0,40.0,1.18,11.31,50882891.0,0.433,0.382689909,0.6149076370000001
KM,Comoros,487,7,COM,2170.0,658000000.0,,,62.4,65.9,31.9,7.2,,,,,,,,,,,869601.0,0.242,,
CG,Congo,5089,89,COG,342000.0,14250000000.0,,,62.8,65.7,32.9,6.7,48.0,2.0,10.0,78.0,43.0,34.0,20.0,34.0,,,5518087.0,0.233,,
CK,Cook Islands,0,0,COK,240.0,183200000.0,,,,,,,,,,,,,,,,,17569.0,,,
CR,Costa Rica,80407,971,CRI,51100.0,48510000000.0,86.0,28.9,77.5,82.7,14.0,5.1,67.0,71.0,54.0,75.0,42.0,39.0,50.0,58.0,1.11,10.27,5094118.0,0.455,0.407628644,0.518403243
CI,CÃ´te d?¤Ô¤µ¤Ä¤¦voire,19885,120,CIV,322460.0,28280000000.0,,,,,,,,,,,,,,,,,26581583.0,,,
HR,Croatia,17797,300,HRV,56542.0,59140000000.0,95.0,18.4,74.9,81.4,9.0,12.9,82.0,59.0,81.0,100.0,58.0,71.0,55.0,74.0,-0.57,-5.31,4105267.0,0.738,0.648810079,0.663214218
CU,Cuba,5845,123,CUB,110860.0,72300000000.0,84.0,29.9,76.8,80.7,10.2,9.0,79.0,24.0,87.0,90.0,71.0,53.0,22.0,63.0,0.09,0.96,11326616.0,0.3,,
CW,CuraÃ§ao,452,1,CUW,444.0,5600000000.0,,,,,,,,,,,,,,,,,164296.0,,,
CY,Cyprus,1847,22,CYP,9250.0,21780000000.0,,,78.7,82.9,10.5,7.0,73.0,79.0,71.0,98.0,76.0,56.0,49.0,73.0,,,1207359.0,0.753,0.448688845,0.551443962
CZ,Czechia,85566,758,CZE,78866.0,194800000000.0,99.0,12.3,76.2,82.0,10.7,10.6,89.0,81.0,92.0,100.0,22.0,55.0,66.0,73.0,0.21,1.86,10708981.0,0.79,0.560498877,0.681510365
KP,Democratic People's Republic of Korea,0,0,PRK,120540.0,28000000000.0,102.0,14.9,68.4,75.5,13.9,9.1,,,,,,,,,0.5,4.55,25778816.0,0.229,,
CD,Democratic Republic of the Congo,10777,274,COD,2345410.0,18560000000.0,63.0,30.0,58.9,61.9,41.2,9.5,,,,,,,,,3.35,34.43,89561403.0,,,
CD,Democratic Republic of the Congo,10777,274,COD,2345410.0,18560000000.0,,,,,,,28.0,0.0,0.0,15.0,49.0,37.0,22.0,21.0,,,89561403.0,,,
DK,Denmark,30057,659,DNK,43094.0,324300000000.0,99.0,12.3,79.1,82.9,10.6,9.5,90.0,100.0,80.0,99.0,14.0,39.0,73.0,71.0,0.52,4.88,5792202.0,0.8170000000000001,0.560897635,0.59328735
DJ,Djibouti,5421,61,DJI,23000.0,1459000000.0,,,64.6,68.8,21.5,7.1,48.0,12.0,16.0,86.0,57.0,31.0,44.0,41.0,,,988000.0,0.217,,
DM,Dominica,31,0,DMA,754.0,495000000.0,,,,,,,,,,,,,,,,,71986.0,,,
DO,Dominican Republic,115054,2144,DOM,48730.0,59270000000.0,82.0,32.2,70.8,77.2,19.5,6.2,66.0,33.0,44.0,77.0,57.0,44.0,34.0,52.0,1.15,10.77,10847910.0,0.302,0.5642241060000001,0.668916485
EC,Ecuador,141339,11681,ECU,283560.0,91410000000.0,83.0,24.5,74.1,79.6,19.7,5.1,66.0,28.0,54.0,88.0,57.0,46.0,23.0,53.0,1.63,15.74,17643054.0,0.391,0.199690983,0.417094801
EG,Egypt,103781,5990,EGY,1001450.0,262000000000.0,83.0,30.1,69.6,74.2,26.4,5.8,13.0,18.0,33.0,47.0,70.0,59.0,52.0,41.0,2.15,21.3,102334404.0,0.257,0.5215513270000001,0.441538946
SV,El Salvador,29539,865,SLV,21040.0,24670000000.0,,,68.2,77.6,18.3,7.0,60.0,32.0,40.0,55.0,69.0,47.0,12.0,47.0,,,6486205.0,0.397,0.639739686,0.549910424
GQ,Equatorial Guinea,5052,83,GNQ,28051.0,17080000000.0,56.0,30.1,57.4,59.6,33.2,9.3,59.0,0.0,8.0,96.0,50.0,21.0,,38.0,4.17,43.7,1402985.0,0.248,,
ER,Eritrea,398,0,ERI,121320.0,3438000000.0,63.0,29.2,63.8,68.2,30.3,7.2,,,,,,,,,,,3546421.0,0.188,,
EE,Estonia,3617,67,EST,45226.0,24280000000.0,99.0,10.1,74.0,82.7,10.9,11.9,81.0,98.0,82.0,96.0,16.0,48.0,23.0,67.0,-0.06,-0.37,1326535.0,0.7709999999999999,0.606454107,0.528234538
SZ,Eswatini,5579,112,SWZ,17363.0,3807000000.0,,,55.3,64.0,26.3,9.4,,,,,,,,,,,1160164.0,0.278,,
ET,Ethiopia,79437,1230,ETH,1127127.0,47340000000.0,61.0,27.2,64.4,68.2,32.3,6.6,26.0,20.0,11.0,45.0,82.0,42.0,25.0,36.0,2.78,27.89,114963588.0,0.199,,
FK,Falkland Islands (Malvinas),13,0,FLK,12173.0,164500000.0,,,,,,,,,,,,,,,,,3512.0,,,
FO,Faroe Islands,475,0,FRO,1399.0,2320000000.0,,,,,,,,,,,,,,,,,52154.0,,,
FJ,Fiji,32,2,FJI,18270.0,4218000000.0,,,65.6,69.2,21.3,8.2,81.0,46.0,26.0,96.0,63.0,50.0,3.0,55.0,,,896445.0,0.332,,
FI,Finland,10702,346,FIN,337030.0,259600000000.0,101.0,8.1,79.1,84.5,8.6,9.9,85.0,100.0,90.0,97.0,15.0,44.0,53.0,71.0,0.33,2.93,5540720.0,0.812,0.580435995,0.46446994
FR,France,598058,32069,FRA,547030.0,2739000000000.0,98.0,16.7,79.7,85.9,11.3,9.2,64.0,95.0,96.0,72.0,41.0,26.0,75.0,67.0,0.36,3.13,65273511.0,0.835,0.554038761,0.78780111
PF,French Polynesia,2290,9,PYF,4167.0,5650000000.0,,,,,,,,,,,,,,,,,280908.0,,0.55927505,0.497042939
GA,Gabon,8808,54,GAB,267667.0,19970000000.0,60.0,29.8,64.2,68.3,31.6,6.8,41.0,15.0,38.0,83.0,42.0,26.0,36.0,40.0,3.31,33.77,2225734.0,0.268,,
GM,Gambia,3594,115,GMB,11300.0,896000000.0,60.0,32.9,60.4,63.2,38.5,7.9,43.0,30.0,2.0,80.0,55.0,33.0,22.0,39.0,3.04,30.92,2416668.0,0.322,,
GE,Georgia,9245,58,GEO,69700.0,15950000000.0,92.0,19.7,69.2,78.0,13.5,12.8,41.0,69.0,62.0,96.0,43.0,65.0,33.0,61.0,-0.25,-1.75,3989167.0,0.375,0.419388375,0.418400881
DE,Germany,303258,9546,DEU,357021.0,3593000000000.0,100.0,13.7,78.6,83.3,9.5,11.5,83.0,100.0,97.0,94.0,22.0,45.0,87.0,75.0,0.15,1.66,83783942.0,0.828,0.475053923,0.557929115
GH,Ghana,46829,303,GHA,239460.0,45550000000.0,69.0,31.5,62.7,64.9,29.4,7.3,51.0,49.0,6.0,96.0,53.0,35.0,19.0,46.0,2.33,22.75,31072940.0,0.339,,
GI,Gibraltar,432,0,GIB,7.0,1106000000.0,,,,,,,,,,,,,,,,,33688.0,,,
GR,Greece,20142,417,GRC,131940.0,243300000000.0,92.0,22.5,79.3,84.4,8.1,11.2,52.0,58.0,90.0,93.0,71.0,44.0,85.0,70.0,-0.36,-3.64,10423054.0,0.773,0.521140221,0.545246135
GL,Greenland,14,0,GRL,2166086.0,2160000000.0,,,,,,,,,,,,,,,-0.02,-1.19,56770.0,,,
GD,Grenada,24,0,GRD,344.0,811000000.0,,,,,,,,,,,,,,,,,112523.0,,,
GU,Guam,2753,55,GUM,549.0,4600000000.0,,,,,,,,,,,,,,,,,168775.0,,,
GT,Guatemala,94182,3302,GTM,108890.0,53900000000.0,,,71.1,76.9,24.6,4.7,52.0,21.0,32.0,54.0,53.0,47.0,25.0,42.0,,,17915568.0,0.391,0.236389943,0.403882705
GG,Guernsey,257,13,GGY,78.0,2742000000.0,,,,,,,,,,,,,,,,,67052.0,,,
GN,Guinea,10800,67,GIN,245857.0,6544000000.0,,,60.5,61.7,36.4,8.5,25.0,12.0,0.0,81.0,53.0,34.0,1.0,31.0,,,13132795.0,0.299,,
GW,Guinea-Bissau,2362,39,GNB,36120.0,880000000.0,62.0,32.9,56.0,59.9,35.1,9.6,53.0,6.0,2.0,99.0,53.0,39.0,12.0,39.0,,,1968001.0,0.28800000000000003,,
GY,Guyana,3093,87,GUY,214970.0,3020000000.0,,,66.8,73.0,20.0,7.5,,,,,,,,,,,786552.0,0.336,,
HT,Haiti,8819,229,HTI,27750.0,8287000000.0,,,61.5,65.8,24.3,8.5,17.0,6.0,6.0,86.0,100.0,23.0,21.0,37.0,1.4,13.2,11402528.0,0.236,,
VA,Holy See,12,0,VAT,0.0,,,,,,,,,,,,,,,,,,801.0,,,
HN,Honduras,79629,2422,HND,112090.0,18880000000.0,,,72.8,77.4,21.6,4.4,44.0,19.0,34.0,54.0,68.0,51.0,24.0,43.0,,,9904607.0,0.392,0.202930866,0.266460423
HU,Hungary,32298,853,HUN,93030.0,130600000000.0,98.0,16.4,72.7,79.6,9.6,13.4,74.0,59.0,81.0,96.0,40.0,63.0,85.0,71.0,-0.25,-2.3,9660351.0,0.775,0.517017751,0.7258927829999999
IS,Iceland,2980,10,ISL,103000.0,14590000000.0,101.0,8.0,81.3,84.5,12.0,6.4,88.0,100.0,86.0,99.0,8.0,44.0,39.0,69.0,1.27,13.61,341243.0,0.8140000000000001,0.380726189,0.648369193
IN,India,6685082,103569,IND,3287590.0,1670000000000.0,81.0,29.9,68.2,70.7,17.9,7.2,32.0,46.0,24.0,40.0,66.0,46.0,68.0,44.0,1.16,10.71,1380004385.0,0.322,0.27777502600000004,0.449093186
ID,Indonesia,307120,11253,IDN,1919440.0,867500000000.0,84.0,31.8,69.4,73.7,18.1,6.5,54.0,41.0,28.0,76.0,37.0,52.0,55.0,48.0,1.27,11.91,273523615.0,0.318,0.65745589,0.357815294
IR,Iran (Islamic Republic of),475674,27192,IRN,1648000.0,411900000000.0,84.0,23.7,75.4,77.7,18.8,4.8,16.0,8.0,47.0,83.0,63.0,54.0,46.0,45.0,1.29,12.41,83992949.0,0.262,0.175261604,0.461481231
IQ,Iraq,382949,9464,IRQ,437072.0,221800000000.0,,,68.4,72.5,29.1,4.8,31.0,3.0,29.0,23.0,43.0,69.0,24.0,32.0,3.1,32.17,40222493.0,0.194,0.30623479,0.67566848
IE,Ireland,38551,1810,IRL,70280.0,220900000000.0,94.0,13.1,80.5,84.1,12.5,6.4,88.0,100.0,79.0,98.0,4.0,37.0,59.0,68.0,0.86,8.36,4937786.0,0.802,0.320686751,0.7318645359999999
IM,Isle of Man,342,24,IMN,572.0,4076000000.0,,,,,,,,,,,,,,,,,85166.0,,0.396327299,1.0
IL,Israel,264805,1685,ISR,20770.0,272700000000.0,94.0,26.2,80.9,84.8,20.8,5.0,50.0,81.0,82.0,82.0,83.0,36.0,44.0,67.0,1.92,18.75,8655535.0,0.467,0.46928887,0.7257618
IL,Israel,264805,1685,ISR,20770.0,272700000000.0,94.0,26.2,80.9,84.8,20.8,5.0,50.0,81.0,82.0,82.0,83.0,36.0,44.0,67.0,1.92,18.75,8655535.0,0.31,0.46928887,0.7257618
IT,Italy,327586,36002,ITA,301230.0,2068000000000.0,97.0,18.3,81.2,85.6,7.3,10.5,64.0,67.0,87.0,99.0,55.0,28.0,93.0,69.0,0.2,1.72,60461826.0,0.807,0.554634029,0.590346774
JM,Jamaica,7012,120,JAM,10991.0,14390000000.0,,,72.8,76.0,16.1,7.6,62.0,50.0,44.0,55.0,67.0,39.0,6.0,49.0,,,2961167.0,0.32,0.366569075,0.74166933
JP,Japan,86047,1602,JPN,377835.0,5007000000000.0,105.0,19.8,81.3,87.3,7.4,11.0,90.0,98.0,91.0,99.0,52.0,20.0,72.0,75.0,-0.14,-1.41,126476461.0,0.584,0.722151695,0.0
JE,Jersey,421,32,JEY,116.0,5100000000.0,,,,,,,,,,,,,,,,,173863.0,,,
JO,Jordan,17464,110,JOR,92300.0,34080000000.0,,,72.7,76.2,22.0,3.9,47.0,46.0,49.0,95.0,67.0,54.0,25.0,57.0,3.91,39.11,10203134.0,0.268,0.3418912120000001,0.450214101
KZ,Kazakhstan,141844,2106,KAZ,2717300.0,224900000000.0,92.0,13.0,68.8,77.2,21.8,7.1,59.0,28.0,73.0,89.0,44.0,64.0,43.0,59.0,1.41,13.43,18776707.0,0.35700000000000004,0.375999231,0.465236661
KE,Kenya,39449,735,KEN,582650.0,45310000000.0,71.0,28.8,64.0,68.7,28.7,5.5,36.0,27.0,15.0,35.0,87.0,46.0,30.0,39.0,2.54,25.08,53771296.0,0.269,0.272493247,0.510178869
KI,Kiribati,0,0,KIR,811.0,173000000.0,,,,,,,75.0,50.0,21.0,84.0,52.0,58.0,16.0,53.0,,,119449.0,0.366,,
XK,Kosovo,15812,622,XKX,10887.0,7150000000.0,,,,,,,,,,,,,,,,,1840000.0,,,
KW,Kuwait,107592,628,KWT,17820.0,179500000000.0,,,74.7,76.5,13.9,2.7,72.0,40.0,56.0,93.0,38.0,74.0,37.0,60.0,4.09,40.62,4270571.0,0.39,0.5522770779999999,0.217119287
KG,Kyrgyzstan,47799,1066,KGZ,198500.0,7234000000.0,,,67.4,75.6,27.1,5.2,51.0,22.0,53.0,96.0,51.0,74.0,6.0,54.0,,,6524195.0,0.306,0.35658358100000004,0.369850528
LA,Lao People's Democratic Republic,23,0,LAO,236800.0,10100000000.0,88.0,32.1,65.8,69.4,23.5,6.4,70.0,10.0,21.0,85.0,43.0,57.0,34.0,46.0,1.55,14.73,7275560.0,0.253,,
LV,Latvia,2126,39,LVA,64589.0,30380000000.0,97.0,10.7,70.1,79.7,10.0,15.0,71.0,77.0,75.0,91.0,19.0,62.0,7.0,62.0,-1.12,-8.81,1886198.0,0.77,0.629437744,0.4235021470000001
LV,Latvia,2126,39,LVA,64589.0,30380000000.0,97.0,10.7,70.1,79.7,10.0,15.0,71.0,77.0,75.0,91.0,19.0,62.0,7.0,62.0,-1.12,-8.81,1886198.0,0.308,0.629437744,0.4235021470000001
LB,Lebanon,45657,414,LBN,10400.0,43490000000.0,,,77.1,80.8,17.5,4.4,28.0,20.0,67.0,50.0,68.0,39.0,11.0,42.0,3.63,38.41,6825445.0,0.251,0.618251088,0.526327797
LS,Lesotho,1639,38,LSO,30355.0,2457000000.0,,,50.6,57.0,26.8,14.2,37.0,38.0,3.0,55.0,92.0,48.0,5.0,41.0,,,2142249.0,0.266,,
LR,Liberia,1354,82,LBR,111370.0,1977000000.0,,,62.3,65.1,33.0,7.5,,,,,,,,,,,5057681.0,0.28600000000000003,,
LY,Libya,37437,596,LBY,1759540.0,70920000000.0,,,69.9,75.8,18.8,5.1,17.0,0.0,54.0,41.0,76.0,38.0,24.0,36.0,,,6871292.0,0.217,,
LI,Liechtenstein,129,1,LIE,160.0,5113000000.0,,,,,,,,,,,,,,,0.62,5.63,38128.0,0.789,,
LT,Lithuania,5285,94,LTU,65200.0,46710000000.0,93.0,11.5,70.9,80.7,10.0,14.1,82.0,80.0,84.0,91.0,19.0,58.0,10.0,65.0,-1.26,-10.02,2722289.0,0.77,0.053576747,0.582317316
LU,Luxembourg,8925,127,LUX,2586.0,60540000000.0,99.0,13.9,80.1,84.6,10.3,7.1,92.0,100.0,88.0,100.0,24.0,45.0,42.0,73.0,2.22,22.28,625978.0,0.79,0.520312703,0.5602342260000001
MG,Madagascar,16570,233,MDG,587040.0,10530000000.0,,,65.1,68.3,32.7,6.1,41.0,17.0,13.0,82.0,76.0,41.0,1.0,41.0,,,27691018.0,0.245,,
MW,Malawi,5794,180,MWI,118480.0,3683000000.0,,,60.7,66.9,34.1,6.6,37.0,27.0,7.0,97.0,81.0,22.0,15.0,42.0,,,19129952.0,0.264,,
MY,Malaysia,12813,137,MYS,329750.0,312400000000.0,93.0,31.9,74.1,78.2,16.8,5.1,77.0,62.0,50.0,92.0,41.0,47.0,79.0,63.0,1.42,13.26,32365999.0,0.51,0.626772187,0.289287311
MV,Maldives,10567,34,MDV,300.0,2270000000.0,,,77.2,80.5,14.2,2.8,66.0,21.0,64.0,99.0,58.0,50.0,4.0,55.0,4.16,45.17,540544.0,0.33,,
ML,Mali,3189,131,MLI,1240000.0,11370000000.0,64.0,36.1,58.1,59.6,41.5,9.7,31.0,23.0,0.0,21.0,43.0,21.0,15.0,22.0,3.03,30.62,20250833.0,0.278,,
MT,Malta,3327,39,MLT,316.0,9541000000.0,,,80.4,84.6,9.2,7.6,89.0,82.0,93.0,98.0,78.0,37.0,45.0,77.0,,,441543.0,0.7759999999999999,,
MH,Marshall Islands,0,0,MHL,181.0,193000000.0,,,,,,,59.0,46.0,20.0,90.0,52.0,32.0,9.0,46.0,,,59190.0,0.418,,
MR,Mauritania,7523,161,MRT,1030700.0,4183000000.0,,,63.1,66.3,33.7,7.2,41.0,16.0,8.0,78.0,54.0,1.0,21.0,31.0,,,4649658.0,0.241,,
MU,Mauritius,387,10,MUS,2040.0,11900000000.0,,,71.3,77.7,10.2,8.5,86.0,72.0,56.0,95.0,63.0,56.0,7.0,66.0,,,1271768.0,0.452,0.261756824,0.288408978
YT,Mayotte,3895,42,MYT,374.0,,,,,,,,,,,,,,,,,,272815.0,,,
MX,Mexico,761665,79088,MEX,1972550.0,1327000000000.0,86.0,29.3,72.1,77.8,17.6,6.0,53.0,31.0,50.0,47.0,82.0,39.0,66.0,51.0,1.27,11.82,128932753.0,0.457,0.461700392,0.528946665
FM,Micronesia (Federated States of),0,0,FSM,702.0,339000000.0,,,,,,,79.0,53.0,26.0,90.0,31.0,2.0,0.0,43.0,,,115023.0,0.402,,
MC,Monaco,223,1,MCO,2.0,5748000000.0,,,,,,,,,,,,,,,1.01,9.41,39242.0,0.525,,
MN,Mongolia,314,0,MNG,1565000.0,11140000000.0,,,65.6,74.0,24.1,6.3,65.0,40.0,63.0,87.0,43.0,69.0,26.0,59.0,,,3278290.0,0.293,0.504669104,0.606806626
ME,Montenegro,12507,182,MNE,14026.0,4518000000.0,,,74.3,79.2,11.7,10.7,53.0,51.0,66.0,96.0,49.0,71.0,10.0,61.0,,,628066.0,0.409,0.7412704520000001,0.42426766
MS,Montserrat,13,1,MSR,102.0,,,,,,,,,,,,,,,,,,4992.0,,,
MA,Morocco,134695,2369,MAR,446550.0,104800000000.0,82.0,23.9,75.2,77.7,18.9,5.1,55.0,35.0,42.0,98.0,83.0,49.0,42.0,59.0,1.34,12.76,36910560.0,0.281,0.464150676,0.55404714
MZ,Mozambique,9196,66,MOZ,801590.0,14670000000.0,,,57.1,63.0,37.5,8.5,45.0,16.0,0.0,79.0,75.0,40.0,23.0,40.0,,,31255435.0,0.233,,
MM,Myanmar,18781,444,MMR,678500.0,59430000000.0,83.0,32.2,63.8,69.9,17.6,8.2,19.0,15.0,18.0,55.0,44.0,60.0,31.0,35.0,0.73,6.81,54409800.0,0.231,0.425262863,0.8652146629999999
NAM,Namibia,11654,125,NAM,825418.0,12300000000.0,,,60.4,66.2,28.6,8.1,62.0,57.0,14.0,60.0,74.0,53.0,5.0,49.0,,,2540905.0,0.3,,
NR,Nauru,0,0,NRU,21.0,,,,,,,,,,,,,,,,,,10844.0,,,
NP,Nepal,89263,554,NPL,140800.0,19340000000.0,77.0,25.6,69.0,71.9,19.9,6.4,45.0,27.0,25.0,86.0,59.0,60.0,15.0,48.0,0.63,5.91,29136808.0,0.23,0.0,0.570397681
NL,Netherlands,140321,6452,NLD,41526.0,722300000000.0,102.0,14.4,80.3,83.4,9.7,8.9,84.0,100.0,89.0,100.0,21.0,38.0,83.0,74.0,0.48,4.32,17134872.0,0.828,0.606229569,0.517212922
NC,New Caledonia,27,0,NCL,19060.0,9280000000.0,,,,,,,,,,,,,,,,,285498.0,,0.655213175,0.661331813
NZ,New Zealand,1502,25,NZL,268680.0,181100000000.0,100.0,17.5,80.2,83.6,12.0,6.9,93.0,100.0,78.0,100.0,39.0,27.0,60.0,72.0,1.35,13.02,4822233.0,0.5479999999999999,0.390362097,0.63781063
NI,Nicaragua,4146,151,NIC,129494.0,11260000000.0,,,70.7,77.8,20.6,5.1,33.0,8.0,37.0,84.0,49.0,28.0,21.0,38.0,,,6624554.0,0.385,0.050525889,0.665407586
NE,Niger,1200,69,NER,1267000.0,7304000000.0,,,60.9,63.2,46.1,8.3,38.0,23.0,1.0,61.0,39.0,28.0,21.0,30.0,3.94,41.59,24206644.0,0.274,,
NG,Nigeria,59465,1113,NGA,923768.0,502000000000.0,70.0,33.0,53.5,55.2,37.9,11.9,17.0,15.0,2.0,0.0,54.0,61.0,39.0,26.0,2.68,26.79,206139589.0,0.281,0.257367623,0.439700456
NU,Niue,0,0,NIU,260.0,10010000.0,,,,,,,,,,,,,,,,,1626.0,,,
MK,North Macedonia,18873,760,MKD,25333.0,10650000000.0,91.0,18.8,73.7,77.7,10.8,10.1,,,,,,,,,0.07,0.61,2083374.0,0.393,0.332591314,0.25229968
MP,Northern Mariana Islands (Commonwealth of the),75,2,MNP,477.0,733000000.0,,,,,,,,,,,,,,,,,,,,
NO,Norway,14457,275,NOR,324220.0,515800000000.0,99.0,9.0,81.1,84.5,10.4,7.7,94.0,100.0,89.0,100.0,15.0,42.0,56.0,73.0,1.03,9.38,5421241.0,0.815,0.478197022,0.666787929
PS,"occupied Palestinian territory, including east Jerusalem",52954,402,PSE,5970.0,6641000000.0,,,72.3,75.6,29.3,3.5,,,,,,,,,,,5101414.0,0.231,0.095409897,0.339701364
OM,Oman,101814,985,OMN,212460.0,81950000000.0,,,75.9,80.1,19.2,2.4,86.0,49.0,56.0,100.0,38.0,66.0,32.0,63.0,5.64,63.57,5106626.0,0.371,0.478292617,0.493406512
PK,Pakistan,315260,6517,PAK,803940.0,236500000000.0,82.0,31.5,66.2,68.1,28.3,6.9,18.0,20.0,19.0,38.0,67.0,63.0,26.0,36.0,2.12,20.7,220892340.0,0.19,0.169965445,0.574074351
PW,Palau,0,0,PLW,458.0,221000000.0,,,,,,,84.0,58.0,44.0,75.0,42.0,41.0,32.0,55.0,,,18094.0,0.4270000000000001,,
PA,Panama,115286,2423,PAN,78200.0,40620000000.0,79.0,30.9,75.2,81.6,19.0,5.1,75.0,47.0,58.0,80.0,41.0,52.0,28.0,56.0,1.72,16.57,4314767.0,0.417,0.624726743,0.296349884
PG,Papua New Guinea,541,7,PNG,462840.0,16100000000.0,,,63.0,65.6,27.1,7.4,50.0,24.0,21.0,78.0,42.0,21.0,1.0,36.0,,,8947024.0,0.287,,
PY,Paraguay,44182,929,PRY,406750.0,30560000000.0,83.0,28.9,72.2,76.3,20.6,5.5,58.0,30.0,42.0,78.0,77.0,69.0,30.0,56.0,1.34,12.75,7132538.0,0.468,0.345601276,0.454842481
PE,Peru,828169,32742,PER,1285220.0,210300000000.0,82.0,25.8,73.8,79.3,17.9,5.5,62.0,42.0,48.0,78.0,67.0,53.0,45.0,57.0,1.22,12.0,32971854.0,0.456,0.42249451,0.494665799
PH,Philippines,324762,5840,PHL,300000.0,272200000000.0,86.0,31.3,67.1,75.4,20.5,5.9,45.0,36.0,32.0,32.0,47.0,46.0,39.0,39.0,1.58,15.06,109581078.0,0.279,0.613744729,0.351013359
PN,Pitcairn Islands,0,0,PCN,47.0,,,,,,,,,,,,,,,,,,50.0,,,
PL,Poland,102080,2659,POL,312685.0,513900000000.0,97.0,13.2,73.7,81.7,10.2,10.9,77.0,72.0,79.0,100.0,25.0,65.0,67.0,70.0,-0.05,-0.19,37846611.0,0.77,0.543948561,0.439240084
PT,Portugal,79885,2018,PRT,92391.0,219300000000.0,95.0,21.2,78.3,84.5,8.5,11.0,86.0,85.0,82.0,100.0,70.0,48.0,60.0,77.0,-0.29,-2.87,10196709.0,0.79,0.705429729,0.553464955
PR,Puerto Rico,51305,695,PRI,9104.0,93520000000.0,,,76.3,83.4,6.7,9.2,63.0,71.0,67.0,55.0,66.0,20.0,8.0,53.0,-1.56,-14.18,2860853.0,,0.504503885,0.435656329
QA,Qatar,126692,216,QAT,11437.0,213100000000.0,78.0,33.7,79.0,81.9,9.5,1.2,87.0,59.0,48.0,83.0,58.0,52.0,55.0,63.0,5.57,52.56,2881053.0,0.371,0.322267217,0.490535857
KR,Republic of Korea,24239,422,KOR,98480.0,1198000000000.0,106.0,18.2,79.7,85.7,6.4,5.8,83.0,81.0,90.0,100.0,53.0,37.0,64.0,74.0,0.48,4.35,51269185.0,0.542,0.46642818,0.261256266
MD,Republic of Moldova,56901,1375,MDA,33843.0,7932000000.0,,,67.5,76.1,10.1,11.6,50.0,33.0,68.0,92.0,41.0,66.0,3.0,54.0,-2.71,-7.12,4033963.0,0.386,0.4053770270000001,0.388757666
RE,RÃ©union,4328,16,REU,2517.0,,,,,,,,,,,,,,,,,,897251.0,,,
RO,Romania,137491,5048,ROU,237500.0,188900000000.0,90.0,15.2,71.7,79.2,9.6,13.5,61.0,56.0,73.0,98.0,34.0,76.0,48.0,66.0,-0.51,-4.4,19237691.0,0.752,0.603618902,0.460934924
RU,Russian Federation,1237504,21663,RUS,17100000.0,2113000000000.0,96.0,8.7,67.8,77.8,11.5,12.4,51.0,15.0,77.0,54.0,27.0,63.0,88.0,52.0,0.11,1.07,145934462.0,0.42,0.5981991489999999,0.35136201799999994
RW,Rwanda,4867,29,RWA,26338.0,7700000000.0,,,66.5,70.8,31.7,5.2,67.0,46.0,21.0,94.0,54.0,61.0,13.0,54.0,,,12952218.0,0.233,,
BL,Saint BarthÃ©lemy,62,0,BLM,21.0,,,,,,,,,,,,,,,,,,,,,
SH,Saint Helena,0,0,SHN,410.0,,,,,,,,,,,,,,,,,,,,,
KN,Saint Kitts and Nevis,19,0,KNA,261.0,767000000.0,,,,,,,,,,,,,,,,,,,,
LC,Saint Lucia,27,0,LCA,616.0,1377000000.0,,,,,,,,,,,,,,,,,,,,
MF,Saint Martin,412,8,MAF,53.0,561500000.0,,,,,,,,,,,,,,,,,,,,
PM,Saint Pierre and Miquelon,16,0,SPM,242.0,215300000.0,,,,,,,,,,,,,,,,,,,,
VC,Saint Vincent and the Grenadines,64,0,VCT,389.0,742000000.0,,,,,,,,,,,,,,,,,,,,
WS,Samoa,0,0,WSM,2944.0,705000000.0,,,,,,,86.0,65.0,31.0,94.0,42.0,60.0,0.0,58.0,,,198414.0,0.397,,
SM,San Marino,751,42,SMR,61.0,1866000000.0,,,,,,,,,,,,,,,,,,,,
ST,Sao Tome and Principe,913,15,STP,1001.0,311000000.0,,,,,,,,,,,,,,,,,,,,
SA,Saudi Arabia,336766,4898,SAU,1960582.0,718500000000.0,81.0,32.6,73.8,76.6,17.8,3.5,53.0,42.0,57.0,67.0,59.0,72.0,72.0,59.0,2.56,24.97,34813871.0,0.362,0.540744789,0.371021727
SN,Senegal,15122,312,SEN,196190.0,15360000000.0,60.0,35.7,65.5,69.6,34.5,5.7,60.0,46.0,14.0,98.0,46.0,35.0,21.0,47.0,2.82,28.54,16743927.0,0.313,,
RS,Serbia,33952,756,SRB,88361.0,43680000000.0,89.0,18.3,73.5,78.4,9.2,14.6,57.0,41.0,77.0,98.0,49.0,70.0,39.0,64.0,-0.53,-4.75,8737371.0,0.421,0.582626286,0.5961203860000001
SC,Seychelles,142,0,SYC,455.0,1271000000.0,,,,,,,80.0,61.0,46.0,72.0,55.0,29.0,33.0,55.0,,,98347.0,0.462,,
SL,Sierra Leone,2269,72,SLE,71740.0,4607000000.0,,,53.5,55.1,33.4,11.7,38.0,24.0,0.0,97.0,41.0,37.0,23.0,38.0,,,7976983.0,0.313,,
SG,Singapore,57819,27,SGP,693.0,295700000000.0,108.0,31.5,81.0,85.4,8.8,5.0,90.0,90.0,72.0,100.0,41.0,43.0,90.0,74.0,1.35,12.35,5850342.0,0.551,,
SX,Sint Maarten,679,22,SXM,34.0,794700000.0,,,,,,,,,,,,,,,,,,,,
SK,Slovakia,13492,55,SVK,48845.0,96960000000.0,,,73.9,80.8,10.6,10.0,77.0,69.0,77.0,99.0,36.0,49.0,29.0,65.0,,,5459642.0,0.775,0.532534437,0.6735897409999999
SI,Slovenia,6574,140,SVN,20273.0,46820000000.0,,,78.5,84.4,9.4,9.9,83.0,80.0,85.0,100.0,30.0,60.0,37.0,71.0,,,2078938.0,0.7859999999999999,0.506778204,0.452972629
SB,Solomon Islands,1,0,SLB,28450.0,1099000000.0,,,71.2,74.7,32.4,4.3,74.0,41.0,31.0,93.0,55.0,43.0,21.0,53.0,,,686884.0,0.365,,
SO,Somalia,3745,99,SOM,637657.0,2372000000.0,,,55.4,58.8,41.8,10.9,,,,,,,,,,,15893222.0,0.138,,
ZA,South Africa,682215,17016,ZAF,1219912.0,353900000000.0,70.0,24.8,60.5,67.4,20.5,9.4,44.0,52.0,20.0,50.0,96.0,47.0,60.0,51.0,1.5,14.33,59308690.0,0.35,0.375639103,0.7240313709999999
SS,South Sudan,2734,50,SSD,644329.0,11770000000.0,,,56.1,59.1,35.0,10.5,,,,,,,,,,,11193725.0,0.159,,
ES,Spain,789932,32086,ESP,504782.0,1356000000000.0,97.0,21.1,80.7,86.3,7.9,9.1,60.0,81.0,85.0,97.0,75.0,37.0,96.0,75.0,0.15,1.07,46754778.0,0.8,0.613790775,0.53931713
LK,Sri Lanka,3733,13,LKA,65610.0,65120000000.0,79.0,28.9,73.4,80.1,15.8,6.7,55.0,41.0,55.0,93.0,57.0,57.0,23.0,57.0,0.81,7.61,21413249.0,0.262,0.332334734,0.471810081
SD,Sudan,13653,836,SDN,1861484.0,52500000000.0,70.0,36.5,63.3,66.9,32.2,7.2,8.0,0.0,11.0,32.0,45.0,46.0,27.0,24.0,2.4,23.93,43849260.0,0.189,,
SR,Suriname,4941,106,SUR,163270.0,5009000000.0,,,68.4,74.9,18.5,7.3,42.0,42.0,42.0,89.0,30.0,54.0,30.0,49.0,,,586632.0,0.331,,
SE,Sweden,94283,5895,SWE,449964.0,552000000000.0,99.0,9.5,80.9,84.3,11.4,9.1,85.0,100.0,83.0,97.0,18.0,41.0,76.0,72.0,1.01,9.67,10099265.0,0.815,0.341026645,0.566136247
CH,Switzerland,55803,1786,CHE,41290.0,646200000000.0,102.0,12.8,81.9,85.7,10.0,7.8,97.0,100.0,93.0,100.0,25.0,45.0,68.0,77.0,1.02,9.58,8654622.0,0.7979999999999999,0.542258667,0.545981605
SY,Syrian Arab Republic,4411,207,SYR,185180.0,64700000000.0,82.0,25.5,66.6,77.8,23.7,5.4,9.0,0.0,36.0,45.0,62.0,55.0,66.0,37.0,-2.13,-20.09,17500658.0,0.168,0.261686505,0.667517688
TJ,Tajikistan,9974,78,TJK,143100.0,8513000000.0,,,68.7,73.2,30.8,4.9,28.0,2.0,52.0,97.0,52.0,34.0,22.0,42.0,,,9537645.0,0.279,,
TH,Thailand,3600,59,THA,514000.0,400900000000.0,89.0,32.8,73.2,80.7,10.3,7.7,59.0,34.0,48.0,54.0,42.0,47.0,71.0,49.0,0.41,3.62,69799978.0,0.324,0.505367417,0.142988101
GB,The United Kingdom,515575,42369,GBR,244820.0,2490000000000.0,100.0,12.8,79.5,83.1,11.0,9.3,66.0,100.0,76.0,84.0,7.0,36.0,74.0,63.0,0.71,6.48,67886011.0,0.8029999999999999,0.357077265,0.715594725
TL,Timor-Leste,28,0,TLS,15007.0,6129000000.0,60.0,30.9,67.3,71.4,29.4,6.0,,,,,,,,,1.87,18.25,1318445.0,0.331,,
TL,Timor-Leste,28,0,TLS,15007.0,6129000000.0,,,,,,,66.0,28.0,46.0,92.0,67.0,50.0,11.0,54.0,,,1318445.0,0.331,,
TG,Togo,1864,48,TGO,56785.0,4299000000.0,,,59.9,61.6,33.1,8.4,47.0,20.0,0.0,80.0,48.0,37.0,2.0,35.0,,,8278724.0,0.303,,
TK,Tokelau,0,0,TKL,10.0,,,,,,,,,,,,,,,,,,,,,
TO,Tonga,0,0,TON,748.0,477000000.0,,,,,,,71.0,45.0,34.0,99.0,54.0,59.0,0.0,56.0,,,105695.0,0.387,,
TT,Trinidad and Tobago,4766,81,TTO,5128.0,27130000000.0,,,70.8,76.1,12.9,8.4,77.0,46.0,56.0,55.0,46.0,46.0,9.0,50.0,,,1399488.0,0.433,0.21768181600000006,0.607743866
TN,Tunisia,23453,321,TUN,163610.0,48380000000.0,81.0,25.2,74.5,78.5,17.6,6.3,23.0,44.0,51.0,78.0,80.0,49.0,35.0,53.0,,,11818619.0,0.299,0.214606974,0.527088849
TR,Turkey,326046,8498,TUR,780580.0,821800000000.0,89.0,19.9,74.4,80.3,16.0,5.4,13.0,33.0,58.0,41.0,61.0,65.0,68.0,47.0,1.58,15.35,84339067.0,0.377,0.31140169,0.352118262
TM,Turkmenistan,0,0,TKM,488100.0,40560000000.0,,,64.6,71.6,23.8,7.0,,,,,,,,,,,6031200.0,0.267,,
TC,Turks and Caicos Islands,695,6,TCA,430.0,,,,,,,,,,,,,,,,,,,,,
TV,Tuvalu,0,0,TUV,26.0,38000000.0,,,,,,,,,,,,,,,,,,,,
UG,Uganda,8965,82,UGA,236040.0,22600000000.0,,,60.7,65.2,38.1,6.6,52.0,24.0,3.0,65.0,70.0,59.0,33.0,44.0,3.49,36.52,45741007.0,0.251,,
UA,Ukraine,234584,4520,UKR,603700.0,175500000000.0,95.0,14.1,66.7,76.7,8.7,14.8,17.0,28.0,69.0,32.0,31.0,62.0,61.0,42.0,-0.37,-3.24,43733762.0,0.382,0.591115116,0.299606164
AE,United Arab Emirates,99733,429,ARE,82880.0,390000000000.0,83.0,34.4,77.1,79.2,10.3,1.5,88.0,69.0,58.0,100.0,57.0,66.0,85.0,74.0,2.15,14.28,9890402.0,0.503,0.471831093,0.640970289
TZ,United Republic of Tanzania,509,21,TZA,945087.0,31940000000.0,71.0,29.9,63.2,66.8,36.7,6.4,50.0,28.0,8.0,82.0,82.0,53.0,43.0,49.0,3.02,30.8,59734218.0,0.27,,
US,United States of America,7341406,208433,USA,9629091.0,16720000000000.0,98.0,18.7,76.1,81.1,11.6,8.6,75.0,96.0,68.0,65.0,64.0,36.0,92.0,69.0,0.68,6.12,331002651.0,0.7,0.293030845,0.67959183
VI,United States Virgin Islands,1327,20,VIR,352.0,,,,,,,,,,,,,,,,,,,,,
UY,Uruguay,2145,48,URY,176220.0,57110000000.0,93.0,23.5,74.0,81.4,13.9,9.5,67.0,83.0,73.0,73.0,76.0,46.0,31.0,67.0,0.33,3.05,3473730.0,0.505,0.412488114,0.556531067
UZ,Uzbekistan,59197,487,UZB,447400.0,55180000000.0,,,69.4,73.7,23.3,4.7,47.0,3.0,54.0,99.0,55.0,69.0,34.0,53.0,,,33469203.0,0.293,0.089776279,0.970033107
VU,Vanuatu,0,0,VUT,12200.0,828000000.0,,,,,,,79.0,49.0,26.0,96.0,52.0,68.0,22.0,59.0,,,307145.0,0.371,,
VE,Venezuela (Bolivarian Republic of),78434,653,VEN,912050.0,367500000000.0,85.0,31.7,68.4,76.1,17.9,7.0,9.0,0.0,38.0,36.0,58.0,55.0,13.0,31.0,0.18,0.27,28435940.0,0.443,0.445503066,0.51706184
VN,Viet Nam,1097,35,VNM,329560.0,170000000000.0,94.0,29.3,71.2,79.4,16.7,6.3,70.0,26.0,46.0,98.0,53.0,48.0,68.0,58.0,1.03,9.66,97338579.0,0.268,0.264513993,0.426403777
WF,Wallis and Futuna,0,0,WLF,274.0,,,,,,,,,,,,,,,,,,,,,
YE,Yemen,2045,593,YEM,527970.0,43890000000.0,,,64.4,67.8,30.5,6.0,7.0,0.0,12.0,31.0,69.0,51.0,24.0,28.0,,,29825964.0,0.172,,
ZM,Zambia,15089,334,ZMB,752614.0,22240000000.0,,,60.5,66.4,36.2,6.5,40.0,29.0,10.0,89.0,71.0,60.0,25.0,48.0,3.06,31.27,18383955.0,0.276,,
ZW,Zimbabwe,7898,228,ZWE,390580.0,10480000000.0,,,59.5,62.6,30.7,7.9,49.0,3.0,4.0,84.0,93.0,38.0,12.0,41.0,,,14862924.0,0.249,,
